{
  "name": "mcycle_gp-accel_gp",
  "inference": {
    "method": "stan_sampling",
    "method_arguments": {
      "chains": 10,
      "iter": 20000,
      "warmup": 10000,
      "thin": 10,
      "seed": 4711,
      "control": {
        "adapt_delta": 0.999,
        "max_treedepth": 15
      }
    }
  },
  "diagnostics": {
    "diagnostic_information": {
      "names": ["Intercept", "sdgp_1", "lscale_1", "zgp_1[1]", "zgp_1[2]", "zgp_1[3]", "zgp_1[4]", "zgp_1[5]", "zgp_1[6]", "zgp_1[7]", "zgp_1[8]", "zgp_1[9]", "zgp_1[10]", "zgp_1[11]", "zgp_1[12]", "zgp_1[13]", "zgp_1[14]", "zgp_1[15]", "zgp_1[16]", "zgp_1[17]", "zgp_1[18]", "zgp_1[19]", "zgp_1[20]", "zgp_1[21]", "zgp_1[22]", "zgp_1[23]", "zgp_1[24]", "zgp_1[25]", "zgp_1[26]", "zgp_1[27]", "zgp_1[28]", "zgp_1[29]", "zgp_1[30]", "zgp_1[31]", "zgp_1[32]", "zgp_1[33]", "zgp_1[34]", "zgp_1[35]", "zgp_1[36]", "zgp_1[37]", "zgp_1[38]", "zgp_1[39]", "zgp_1[40]", "Intercept_sigma", "sdgp_sigma_1", "lscale_sigma_1", "zgp_sigma_1[1]", "zgp_sigma_1[2]", "zgp_sigma_1[3]", "zgp_sigma_1[4]", "zgp_sigma_1[5]", "zgp_sigma_1[6]", "zgp_sigma_1[7]", "zgp_sigma_1[8]", "zgp_sigma_1[9]", "zgp_sigma_1[10]", "zgp_sigma_1[11]", "zgp_sigma_1[12]", "zgp_sigma_1[13]", "zgp_sigma_1[14]", "zgp_sigma_1[15]", "zgp_sigma_1[16]", "zgp_sigma_1[17]", "zgp_sigma_1[18]", "zgp_sigma_1[19]", "zgp_sigma_1[20]"]
    },
    "ndraws": 10000,
    "nchains": 10,
    "effective_sample_size_bulk": [9942.79227809077, 10073.3131789498, 10135.2570021942, 9833.92676617678, 9932.5100654985, 9856.0023973419, 9993.90445686235, 10029.7611615434, 9594.83063099578, 10303.5363629317, 9740.05198575102, 9958.57826533879, 10073.9934098093, 9651.98668885829, 9901.83524170697, 9715.58714328523, 9944.79550843947, 9864.19795883433, 10115.5673785022, 9833.41319736028, 9983.2407943421, 9834.52293751697, 9891.11371466816, 9652.19364852605, 9637.34261373065, 9853.92919288556, 9415.07873894489, 10169.5971969328, 9594.29548734256, 9459.32362582583, 10134.2365482499, 9459.93373131323, 9883.86439820005, 9771.36338650065, 9827.33822305366, 10329.3255828622, 10486.3652832076, 10038.2456914839, 9916.90532544646, 10414.998379774, 10634.630855489, 9950.13226946129, 10068.2088250845, 9625.07730696598, 9638.19252545682, 9549.52121353063, 9461.67562104831, 9992.87889237201, 9974.3129253264, 9834.50449994855, 10031.2288414964, 10218.369573243, 10077.7612444721, 9999.52233504836, 9941.26419026787, 9789.11552242397, 10242.4875272497, 10261.5091981425, 9924.9981977575, 10082.7614776838, 10206.509036799, 9763.00679919027, 10130.3700562864, 9310.25083356005, 9774.69812161294, 9255.70189908511],
    "effective_sample_size_tail": [9911.69168698508, 9590.12738746791, 9512.76953990926, 9658.37116078155, 9246.51519476879, 9765.88969144444, 10036.2147886913, 9550.19524586832, 9681.4400126283, 10206.1774788192, 9362.43393085003, 10162.0468150654, 9986.37605771427, 9947.52217966607, 9908.49069310395, 9530.96071083969, 9950.784885489, 9897.1548859641, 9801.53284348543, 9819.9812142995, 9709.14027380698, 9690.06540276429, 9227.94108448409, 9617.38940826736, 9831.44634759843, 9601.37488819832, 9691.78835917512, 9305.18560703362, 9767.22292424098, 9862.41875588194, 9774.92484565239, 9747.24811109919, 9952.35565320693, 9868.40704494582, 9419.31376513367, 9983.23511947976, 10103.2877005949, 9829.30481041319, 9584.76843718349, 9630.05707602647, 9951.9347878, 9743.91712337863, 9998.6415365642, 9744.86371765351, 9868.0061297125, 9306.27238714856, 9554.04838380583, 9914.49742215658, 9854.99025737843, 9727.3633567771, 9869.57232741407, 9670.13134710001, 9147.18616054862, 10293.3209381475, 9790.1303593118, 9746.15416642021, 9740.79074146179, 9553.52589831751, 9953.42433009617, 9992.56061951607, 9786.27653396051, 9726.69767256731, 9424.83096625077, 9954.21822865667, 10153.9870663933, 9499.86536129335],
    "r_hat": [1.00003252949328, 0.999649303458481, 1.00012563868448, 1.00001020475116, 1.00023240009699, 0.999907069689991, 1.00021605661722, 1.00029489140315, 1.00013811553941, 1.00125723245564, 1.00009300145108, 1.00027409004344, 1.00012942583589, 1.00005252343043, 1.00022144136333, 1.00056912368428, 0.99975401420018, 1.00040326976595, 1.00014165360419, 1.00057422303846, 1.00085880603158, 1.00072906304679, 0.999962689918299, 0.999698284569887, 1.00089160868001, 1.00008059098546, 1.00056801207834, 0.999960299886949, 1.00046405990607, 0.999964166371639, 0.999752561326401, 1.00024703378829, 0.999959216438458, 1.00052026206646, 1.00029789614072, 1.00049814647678, 1.00004762353319, 1.00011014060206, 1.00031366270724, 1.00000164774094, 0.999886206412498, 1.00040994954848, 0.99994375439222, 0.999898940382797, 1.00028708696039, 1.00011417167149, 0.99980035724272, 1.00025908824698, 0.999865121005035, 1.00022313375149, 0.999969083884832, 1.00051002999237, 0.999925529411952, 1.00039736065421, 1.00004621068077, 1.00004122228457, 1.000263080368, 1.00090286777168, 1.00011376676715, 1.00032422105522, 1.00006873249606, 0.999964865926469, 0.999884772100524, 1.00008291565328, 1.00004804190306, 0.9999764413334],
    "divergent_transitions": [0, 0, 0, 0, 0, 0, 0, 0, 0, 0],
    "expected_fraction_of_missing_information": [2.03291713787115, 2.13450039686762, 1.93292991565431, 1.92671215510572, 2.02328479989175, 1.94440762558101, 1.9009405528724, 1.92671596542136, 1.9471241914475, 1.90406649108075],
    "mean_lag1_ac": [0.00391782968057857, 0.00787437938510138, 4.66671313601591e-07, 0.00755724352373471, 0.00433037934293865, 0.00873596689085346, -0.00736241946851627, -0.000680778189688088, -0.00698828673500052, -0.0135221032160521, -0.00605506657118527, -0.0107704607793665, -0.00301211098421429, 0.000523003363674072, 0.00646805598555743, 0.00432538650819548, 0.00207194485274988, 0.00257836589375497, -0.00753102376683846, 0.00674222361403947, 0.000425205029232023, 0.0039093818188276, -0.00510113424262135, 0.00689334319730034, 0.0163056196600566, 0.00647890397392073, 0.0224085679229304, -0.0133081349411887, 0.00383851226623919, 0.00440092220529695, -0.00720915985313061, 0.00276784788160701, -0.00858808303214181, 0.0116452460482012, 0.00522692501782254, -0.0186379637256267, -0.0220521151441246, -0.000865531090595625, 0.00501461403891168, -0.0185651767739069, -0.0292693163713218, 0.00341246309169502, -0.0030488894338075, 0.0119910056003361, 0.0215090787729195, 0.0113679434390399, 0.00993750923299542, -0.00280838740717945, 0.00260054908037587, 0.010427379865957, -0.000209959985166934, -0.00824096530470855, -0.00181007702184428, 0.000518337959494197, 0.00488922751419929, 2.38924632560072e-05, -0.0105706673742494, -0.0117564052914533, 0.00120879723304567, -0.003149970221256, -0.00948645880543685, 0.00495339414467394, -0.00530060636269474, 0.0084916758933999, 0.0135748573890435, 0.0151025722020343]
  },
  "checks_made": {
    "ndraws_is_gte_10k": true,
    "nchains_is_gte_4": true,
    "ess_within_bounds": true,
    "r_hat_below_1_01": true,
    "efmi_above_0_2": true,
    "abs_mean_lag1_ac_below_0_05": true
  },
  "comments": null,
  "added_by": "Oliver Järnefelt",
  "added_date": "2020-04-29",
  "versions": {
    "rstan_version": "rstan 2.19.2",
    "r_Makevars": "\nCXX14FLAGS=-O3 -march=native -mtune=native -fPIC\nCXX14=g++",
    "r_version": "R version 3.6.1 (2019-07-05)",