{
  "T": 200,
  "y": [0.731976946485051, 0.662415365140471, 0.945947987400412, 0.901508926644087, 1.00687498019225, 0.946636902818096, 0.948778340406506, 0.781079100014956, 0.613273037806725, 0.534024034487978, 0.401598323948321, 0.320458847162876, 0.017770641968009, 0.0197020875485198, -0.229682539973456, -0.380992384770494, -0.401708100124422, -0.7299502332048, -0.726304090460739, -1.02144522872765, -0.967537865766321, -0.859425049218969, -1.20540939961945, -0.966898645601, -0.85734156116491, -1.00017346211757, -0.939405962233224, -0.855040507693036, -0.700543773165002, -0.399891444211341, -0.515780423301896, -0.0990205586133748, -0.0520629445163169, 0.225022658144041, 0.278992563926282, 0.194437491835878, 0.376613699829479, 0.542823048967877, 0.644386011358297, 0.578309134609038, 0.776932712809071, 0.556517353254619, 0.587039500871321, 0.734169190820401, 0.68408627779615, 0.514808994286002, 0.640155608744533, 0.404432193271728, 0.367594139348984, 0.304009031550202, 0.111691287144692, 0.00816342319221947, 0.0136847310567755, -0.17159012067143, -0.0211983183557655, 0.0810825611801565, -0.217570369039579, -0.147447228543256, -0.153075108859713, -0.160524758714293, -0.296322899091679, -0.155072041654441, -0.0547964804331736, -0.110653847408112, 0.00743562300421748, -0.0531952659657163, -0.00643936227291734, 0.260950666022935, 0.126465463819717, 0.136787872594077, 0.0367662160574831, 0.0342158141923379, 0.106867737859456, -0.107267835956347, -0.12976229544174, -0.039305236228527, -0.228578849894481, -0.259555358892565, -0.351537566603548, -0.265314323093904, -0.403232498308877, -0.588314257046365, -0.386214466213337, -0.445296856369182, -0.513062228329775, -0.436613552708263, -0.574872994898125, -0.44040502123013, -0.313911853854834, -0.192920042785597, -0.276975318113067, -0.158546827289716, -0.105032958611672, 0.0809506582177524, 0.196393072205334, 0.424559498122176, 0.604330067496717, 0.589595166151742, 0.660229851973125, 0.611303821743887, 0.926863212298015, 0.653264861889925, 0.892154394569533, 1.03538159744865, 1.03309723880351, 0.993892846925037, 0.964193111818233, 0.730898418446167, 0.555726016657813, 0.649464450603356, 0.399487298770498, 0.131351264702031, 0.0921270651570786, -0.0239804134006552, -0.126540508193765, -0.490735073517091, -0.523513537233089, -0.663708513502884, -0.597086577344594, -0.633144554523345, -0.908637170611889, -0.753392298793413, -1.11982767741005, -1.04198740696572, -0.961722063219335, -0.834669349975941, -0.732265945915038, -0.738514566620443, -0.521618888639375, -0.35952472318714, -0.57312387364796, -0.291006597100572, -0.0386114645567074, 0.0625884021438327, 0.105103391054574, 0.373114348491357, 0.400511547830841, 0.582664131765429, 0.688843348084185, 0.607633481234296, 0.750170593861423, 0.724275202496146, 0.704798899087496, 0.482801229622334, 0.730942762962678, 0.444733831102609, 0.381956921063737, 0.298011664918632, 0.360173450849069, 0.262206908477993, 0.195215140469078, 0.26063405328821, -0.0363511631343812, -0.0834117591998695, 0.0222414539208909, -0.152054508639688, -0.30745795577905, -0.13747744314491, -0.172825791492083, -0.329837626399148, -0.362642231067539, -0.347819469886061, -0.24464647200538, -0.181608944264952, -0.0687220624101466, 0.0500795545399571, -0.118369140487036, -0.107960171080658, 0.0152447245920351, -0.0483972987325325, 0.0346707014496726, 0.01890536542786, 0.0399582657839175, 0.0435084274281708, -0.259214098689707, 0.034084495719728, -0.254720170614137, -0.234410036357317, -0.407577597570928, -0.549464651628008, -0.341983763423173, -0.417517498395116, -0.5379006140909, -0.503190589097468, -0.498665936558384, -0.402077719488275, -0.509743108135958, -0.622693806354435, -0.262579721512123, -0.326249988236486, -0.431907080319706, -0.315292010625696, -0.125547150279106, 0.122770960383974, 0.167973528964923, 0.367001213193858, 0.6189385286432, 0.636397295008733, 0.63347100621735, 0.78146983137126]
}
