{
  "names": ["alpha", "beta[1]", "beta[2]", "beta[3]", "beta[4]", "beta[5]", "sigma"],
  "mean_squared_value": [0.0001151709, 0.4840669409, 0.2003810587, 0.0198605275, 0.0086580952, 0.0957926901, 0.022730759],
  "mcse_mean": [1.657097e-06, 0.001011455505, 0.000810120813, 0.000237359764, 0.000122548852, 0.000433699282, 2.4373065e-05]
}
