{
  "names": ["mu", "phi", "theta", "sigma"],
  "mean_squared_value": [0.0001786521, 0.9163964037, 0.0047260888, 0.0277879814],
  "mcse_mean": [2.495582e-06, 0.000438104644, 6.2372447e-05, 2.8185749e-05]
}
