{
  "names": ["theta1[1]", "theta1[2]", "theta2[1]", "theta2[2]", "phi[1]", "phi[2]", "lambda[1]", "lambda[2]"],
  "mean_squared_value": [0.9819212259, 0.0001097262, 0.0016461011, 0.9311254747, 3.2213913127, 45.8170505838, 0.0008066714, 0.0058708344],
  "mcse_mean": [0.0001034494592, 1.333923e-06, 1.93573104e-05, 0.0003810352918, 0.0036652809479, 0.0818179111216, 8.966824e-07, 1.56262073e-05]
}
