{
  "names": ["theta1[1]", "theta1[2]", "theta2[1]", "theta2[2]", "phi[1]", "phi[2]", "lambda[1]", "lambda[2]"],
  "mean_squared_value": [0.9342382384, 0.0014822132, 0.0001056299, 0.9822963296, 5.496702774, 0.5540340231, 5.8956941109, 12.5481285988],
  "mcse_mean": [0.000357863341, 1.7149134e-05, 1.274308e-06, 0.000101776457, 0.000526612212, 8.5614213e-05, 0.00058012382, 0.00039911955]
}
