{
  "names": ["b[1]", "b[2]", "b[3]", "b[4]", "b[5]", "b[6]", "b[7]", "b[8]", "b[9]", "b[10]", "b[11]", "b[12]", "b[13]", "b[14]", "b[15]", "b[16]", "b[17]", "b[18]", "b[19]", "b[20]", "b[21]", "b[22]", "b[23]", "b[24]", "Intercept", "sigma"],
  "mean_squared_value": [44.41742237488, 40.5983562871, 22.04044396199, 2.11318029872, 0.01810811207, 0.00165911338, 0.00055247539, 2.36393e-05, 0.19793201896, 0.00861557412, 0.00018558716, 0.00013837616, 2.246301e-05, 1.830145e-05, 0.81201137288, 0.04890840494, 0.01727594852, 0.003388129, 0.00036317886, 2.951482e-05, 0.00102553793, 37.39115142659, 21.49008291774, 2.09953022719, 60.65288299086, 0.01510082829],
  "mcse_mean": [0.0338455874174, 0.041286865316, 0.0299706792022, 0.0040759737667, 2.0042691e-05, 5.3621192e-06, 2.7092769e-06, 3.416847e-07, 5.51906191e-05, 1.02805481e-05, 1.3954079e-06, 1.0955539e-06, 3.131967e-07, 2.584852e-07, 0.0002030904153, 4.73430961e-05, 2.35440844e-05, 8.0913216e-06, 2.1366803e-06, 4.176343e-07, 2.7546819e-06, 0.036448027747, 0.0276802597175, 0.0044722043661, 0.0002736983284, 3.0368016e-06]
}
