{
  "names": ["beta[1]", "beta[2]", "beta[3]", "sigma"],
  "mean_squared_value": [19.737427, 2.372819, 0.182449, 0.778116],
  "mcse_mean": [0.2134142188, 0.0183416553, 0.0006112911, 0.0003191438]
}
