{
  "names": ["beta[1]", "beta[2]", "beta[3]", "beta[4]", "sigma"],
  "mean_squared_value": [90.737161927, 0.006670517, 0.181967166, 0.005980619, 0.777982514],
  "mcse_mean": [0.00844220188, 7.467772e-05, 0.00061133376, 8.267649e-05, 0.00031798946]
}
