{
  "names": ["beta[1]", "beta[2]", "sigma"],
  "mean_squared_value": [33.6351306, 0.003500176, 0.799496926],
  "mcse_mean": [0.052282497974, 7.938086e-06, 0.000327534245]
}
