{
  "names": ["beta[1]", "beta[2]", "beta[3]", "beta[4]", "sigma"],
  "mean_squared_value": [71.1123873332, 0.0004606556, 1.5906618223, 0.000403289, 0.7782636222],
  "mcse_mean": [0.150566013933, 5.336856e-06, 0.022827288857, 5.755117e-06, 0.000327033157]
}
