{
  "names": ["beta[1]", "beta[2]", "sigma"],
  "mean_squared_value": [6.3412138917, 0.0006601324, 0.1508290182],
  "mcse_mean": [0.009891948808, 1.492884e-06, 6.1712313e-05]
}
