{
  "names": ["beta[1]", "beta[2]", "sigma"],
  "mean_squared_value": [3849337888, 1612917, 356880882],
  "mcse_mean": [12369328.427999999, 3781.292, 148330.30600000001]
}
