{
  "names": ["theta[1]", "theta[2]", "theta[3]", "theta[4]", "theta[5]", "theta[6]", "theta[7]", "theta[8]", "mu", "tau"],
  "mean_squared_value": [69.36345, 45.9787, 43.13923, 45.76135, 34.35767, 39.4135, 64.93269, 52.12845, 30.40302, 23.20407],
  "mcse_mean": [1.1692102, 0.6346494, 0.6539418, 0.6193689, 0.4550489, 0.5390213, 0.9216132, 0.9024748, 0.3351356, 0.4848872]
}
