{
  "names": ["rho", "alpha", "sigma"],
  "mean_squared_value": [48.85864, 6.576518, 3.599273],
  "mcse_mean": [0.18295535, 0.04434399, 0.02046443]
}
