{
  "names": ["theta1[1]", "theta1[2]", "theta2[1]", "theta2[2]", "mu[1]", "mu[2]"],
  "mean_squared_value": [0.45466245, 0.12137204, 0.00615727, 0.85989209, 9.17993763, 77.93313157],
  "mcse_mean": [0.00131717005, 0.00071406259, 4.899238e-05, 0.00052766529, 0.01359151522, 0.01973033397]
}
