{
  "names": ["theta[1]", "theta[2]", "theta[3]", "theta[4]", "z_init[1]", "z_init[2]", "sigma[1]", "sigma[2]"],
  "mean_squared_value": [0.30303629, 0.0007871719, 0.6481388153, 0.0005925775, 1166.9038171313, 35.5163321009, 0.0634036795, 0.0649094189],
  "mcse_mean": [0.000702338064, 2.383326e-06, 0.001458682363, 1.773506e-06, 2.021219162061, 0.064593205736, 0.000237267243, 0.000238366766]
}
