{
  "names": ["beta[1]", "beta[2]", "beta[3]", "beta[4]", "sigma"],
  "mean_squared_value": [316.3596329, 2836.8287884, 0.9576741, 0.257933, 323.6965617],
  "mcse_mean": [4.203197947, 16.895152352, 0.003009121, 0.001701007, 0.223772953]
}
