{
  "names": ["beta[1]", "beta[2]", "beta[3]", "beta[4]", "sigma"],
  "mean_squared_value": [7681.4088678, 14.0021579, 0.3500744, 0.2598661, 324.9240629],
  "mcse_mean": [1.6035666496, 0.1605976731, 0.0007181118, 0.0016370497, 0.2242589332]
}
