{
  "names": ["beta[1]", "beta[2]", "beta[3]", "sigma"],
  "mean_squared_value": [699.6797861, 40.7595917, 0.3206177, 329.412899],
  "mcse_mean": [3.0161931684, 0.2721111761, 0.0006779789, 0.2247141042]
}
