{
  "names": ["beta[1]", "beta[2]", "sigma"],
  "mean_squared_value": [6012.661, 144.8276, 395.1092],
  "mcse_mean": [3.1812077, 0.5527787, 0.269843]
}
