{
  "names": ["beta[1]", "beta[2]", "beta[3]", "beta[4]", "sigma"],
  "mean_squared_value": [7683.111945, 9.467321, 314.336087, 157.759047, 325.195461],
  "mcse_mean": [1.621442, 0.1108889, 0.6439344, 0.9720288, 0.2181309]
}
