{
  "names": ["alpha", "beta", "sigma"],
  "mean_squared_value": [4583.772546515, 0.000365792, 1.292293839],
  "mcse_mean": [39.10262890948, 2.80815e-06, 0.00247150994]
}
