{
  "names": ["mu[1]", "mu[2]", "sigma[1]", "sigma[2]", "theta"],
  "mean_squared_value": [7.473869, 8.2389163, 1.0579241, 1.0498493, 0.3865632],
  "mcse_mean": [0.0022789232, 0.0032252901, 0.0006525962, 0.0008548406, 0.0001929592]
}
