{
  "names": ["Intercept", "sdgp_1", "lscale_1", "zgp_1[1]", "zgp_1[2]", "zgp_1[3]", "zgp_1[4]", "zgp_1[5]", "zgp_1[6]", "zgp_1[7]", "zgp_1[8]", "zgp_1[9]", "zgp_1[10]", "zgp_1[11]", "zgp_1[12]", "zgp_1[13]", "zgp_1[14]", "zgp_1[15]", "zgp_1[16]", "zgp_1[17]", "zgp_1[18]", "zgp_1[19]", "zgp_1[20]", "zgp_1[21]", "zgp_1[22]", "zgp_1[23]", "zgp_1[24]", "zgp_1[25]", "zgp_1[26]", "zgp_1[27]", "zgp_1[28]", "zgp_1[29]", "zgp_1[30]", "zgp_1[31]", "zgp_1[32]", "zgp_1[33]", "zgp_1[34]", "zgp_1[35]", "zgp_1[36]", "zgp_1[37]", "zgp_1[38]", "zgp_1[39]", "zgp_1[40]", "Intercept_sigma", "sdgp_sigma_1", "lscale_sigma_1", "zgp_sigma_1[1]", "zgp_sigma_1[2]", "zgp_sigma_1[3]", "zgp_sigma_1[4]", "zgp_sigma_1[5]", "zgp_sigma_1[6]", "zgp_sigma_1[7]", "zgp_sigma_1[8]", "zgp_sigma_1[9]", "zgp_sigma_1[10]", "zgp_sigma_1[11]", "zgp_sigma_1[12]", "zgp_sigma_1[13]", "zgp_sigma_1[14]", "zgp_sigma_1[15]", "zgp_sigma_1[16]", "zgp_sigma_1[17]", "zgp_sigma_1[18]", "zgp_sigma_1[19]", "zgp_sigma_1[20]"],
  "mean_squared_value": [365.38849269, 1983.033117215, 0.006658793, 0.869638633, 0.814282038, 0.958255812, 0.719814707, 1.164016515, 0.865854203, 1.15010117, 1.076528349, 0.920032582, 1.504531683, 0.831358469, 1.697896127, 0.89901411, 1.433283589, 0.956426856, 1.214267292, 0.812187879, 1.39516944, 0.684839784, 1.76426038, 0.662705823, 1.821174787, 0.670583971, 1.417800967, 0.657925141, 1.034324878, 0.674020094, 0.907363812, 0.69873321, 0.820593848, 0.752841283, 0.758171597, 0.879622691, 0.763977918, 1.129409971, 0.807944183, 1.228586377, 0.895269592, 1.005990436, 0.989210036, 6.255991458, 10.679654326, 0.002016581, 0.983018958, 1.068199876, 1.026041983, 1.391210114, 1.132937242, 1.495602644, 1.308875892, 0.896155349, 1.205162915, 0.650261743, 0.882777773, 0.918206422, 0.669803644, 0.968475446, 0.703534217, 0.728385286, 1.095915374, 0.620537447, 0.81832809, 0.486065521],
  "mcse_mean": [5.23213638458, 11.99182277147, 2.303374e-05, 0.01245222108, 0.01147185497, 0.01351587827, 0.00995507497, 0.0151282494, 0.01199678611, 0.01435231548, 0.01387471722, 0.01246762395, 0.01742225407, 0.01228861801, 0.01918252348, 0.0127967737, 0.0176616667, 0.01275733181, 0.01525830155, 0.01125881367, 0.01729596915, 0.00982673047, 0.01970465128, 0.00964252671, 0.02054124169, 0.0097706719, 0.01743103963, 0.00938904954, 0.01433383879, 0.00996442863, 0.01354234354, 0.01006313823, 0.0117642628, 0.01084647416, 0.01074895318, 0.0132210278, 0.0107747285, 0.0157490575, 0.01171203042, 0.01603037332, 0.01291515975, 0.01390595681, 0.01427053793, 0.03332849457, 0.14293067818, 4.994844e-05, 0.01395691919, 0.01489411936, 0.01448759899, 0.01685180161, 0.01489897471, 0.01805251849, 0.0167649959, 0.01233735663, 0.0156750879, 0.00945855081, 0.01215065569, 0.01251589083, 0.00959214913, 0.01286901796, 0.01008463182, 0.01017302975, 0.01455143546, 0.00874864359, 0.0106291011, 0.0070660709]
}
