{
  "names": ["beta[1]", "beta[2]", "beta[3]", "beta[4]", "beta[5]", "beta[6]", "beta[7]", "sigma"],
  "mean_squared_value": [551682.17000000004, 48834.019999999997, 156751.89000000001, 175439.41, 47500.440000000002, 18733.369999999999, 144531.35000000001, 78206.380000000005],
  "mcse_mean": [2225.35846, 501.63208, 1001.15645, 1765.99624, 681.92226, 97.48723, 805.43299, 185.77927]
}
