{
  "names": ["beta[1]", "beta[2]", "beta[3]", "beta[4]", "sigma"],
  "mean_squared_value": [27.3001953, 0.4148957, 0.1470833, 0.2922018, 0.1225985],
  "mcse_mean": [0.0096614558, 0.0025464341, 0.00167478, 0.0012744959, 0.0002886247]
}
