{
  "names": ["beta[1]", "beta[2]", "beta[3]", "beta[4]", "beta[5]", "beta[6]", "sigma"],
  "mean_squared_value": [28.2239575, 0.2319784, 0.2577602, 0.152931, 0.2826166, 0.3050584, 0.1167351],
  "mcse_mean": [0.018123324, 0.002506001, 0.002803515, 0.001638207, 0.003160605, 0.00133147, 0.000278471]
}
