{
  "names": ["beta[1]", "beta[2]", "sigma"],
  "mean_squared_value": [26.7451327, 0.5244543, 0.184331],
  "mcse_mean": [0.009058146, 0.0008146948, 0.0004276198]
}
