{
  "names": ["beta[1]", "beta[2]", "beta[3]", "beta[4]", "beta[5]", "beta[6]", "beta[7]", "beta[8]", "beta[9]", "sigma"],
  "mean_squared_value": [9.976975684, 0.388106292, 3.029464609, 0.119813369, 0.233676648, 0.197735074, 0.025198196, 0.019112247, 0.007702672, 3.474845921],
  "mcse_mean": [0.02865664908, 0.00051261453, 0.00609871739, 0.00103614746, 0.00160778612, 0.00167116218, 0.00020512504, 0.00026403633, 9.249896e-05, 0.00146811332]
}
