{
  "names": ["beta[1]", "beta[2]", "beta[3]", "beta[4]", "beta[5]", "beta[6]", "beta[7]", "beta[8]", "beta[9]", "sigma"],
  "mean_squared_value": [1.14431812, 0.34561762, 1.24026422, 0.02306855, 0.0240445, 0.23696205, 0.08070229, 0.02892351, 0.03249402, 3.19462534],
  "mcse_mean": [0.008696389, 0.0004804461, 0.0044149752, 0.0003211259, 0.0003404944, 0.0017531563, 0.0003307182, 0.0003164069, 0.000200033, 0.0013568426]
}
