{
  "names": ["beta[1]", "beta[2]", "beta[3]", "beta[4]", "beta[5]", "beta[6]", "beta[7]", "beta[8]", "beta[9]", "sigma"],
  "mean_squared_value": [1.19171063, 0.62658955, 1.24431233, 0.291687, 0.60424951, 0.34026075, 0.07136549, 0.03723168, 0.06355527, 3.19364032],
  "mcse_mean": [0.0141241733, 0.0009522446, 0.006230155, 0.0029257967, 0.004426479, 0.003499827, 0.0005487033, 0.0005136725, 0.0004326148, 0.0021095036]
}
