{
  "names": ["k_a", "K_m", "V_m", "sigma"],
  "mean_squared_value": [0.58520983, 59.36993748, 1.28126587, 0.01714603],
  "mcse_mean": [0.00123539179, 12.55985358837, 0.08034436617, 6.652375e-05]
}
