{
  "names": ["beta[1]", "beta[2]", "beta[3]", "beta[4]", "beta[5]", "sigma"],
  "mean_squared_value": [0.9989335, 1.0004586, 1.0008463, 1.0022975, 1.0031286, 0.9317278],
  "mcse_mean": [1.972023e-05, 2.34422e-05, 1.939946e-05, 2.128736e-05, 2.117984e-05, 0.00139627384]
}
