{
  "names": ["beta[1]", "beta[2]", "beta[3]", "beta[4]", "beta[5]", "sigma"],
  "mean_squared_value": [0.9992959, 0.9974662, 0.9964023, 0.9976897, 0.9971891, 1.0922524],
  "mcse_mean": [2.01446e-05, 1.97668e-05, 2.197615e-05, 2.095454e-05, 1.988385e-05, 0.00163690186]
}
