{
  "names": ["theta1[1]", "theta1[2]", "theta2[1]", "theta2[2]", "phi[1]", "phi[2]", "lambda[1]", "lambda[2]"],
  "mean": [0.990905749846108, 0.00909425015389198, 0.0352603131733295, 0.964739686826671, 1.79201408089132, 6.741875310821, 0.028358763091018, 0.0759580651697666],
  "mcse_mean": [5.22877270378784e-05, 5.22877270378784e-05, 0.000198436549854894, 0.000198436549854894, 0.00101636258184361, 0.00598761666710786, 1.57130151011633e-05, 0.000101387802333477]
}
