{
  "names": ["beta[1]", "beta[2]", "beta[3]"],
  "mean": [1.5606653078379, -0.383071621431575, -0.16105655288768],
  "mcse_mean": [0.00207971568161874, 0.000376715869212808, 0.000385605503759991]
}
