{
  "names": ["beta[1]", "beta[2]"],
  "mean": [-0.362006205437702, 0.0611926040882098],
  "mcse_mean": [0.000369959609107164, 0.000237230442496833]
}
