{
  "names": ["beta[1]", "beta[2]", "sigma"],
  "mean": [5.78172359745675, 0.0587723402806799, 0.893956708301234],
  "mcse_mean": [0.00449651167616619, 6.70614138589808e-05, 0.000182642234579139]
}
