{
  "names": ["beta[1]", "beta[2]", "sigma"],
  "mean": [-61285.2243201587, 1261.7952499551, 18887.3545371412],
  "mcse_mean": [99.3174727863028, 1.48098089109052, 3.89048612784869]
}
