{
  "names": ["beta[1]", "beta[2]", "beta[3]", "beta[4]", "sigma"],
  "mean": [8.39001506498527, 0.0169858559708937, -0.0776132256546289, 0.00742465147420453, 0.882002010466898],
  "mcse_mean": [0.00884778342445309, 0.00013701320844251, 0.012901912980724, 0.000191190740080618, 0.000184972518645465]
}
