{
  "names": ["theta[1]", "theta[2]", "theta[3]", "theta[4]", "theta[5]", "theta[6]", "theta[7]", "theta[8]", "mu", "tau"],
  "mean": [6.15050229334425, 4.9395811407422, 3.90590609001582, 4.79601675138494, 3.6144363246799, 4.0511475789675, 6.31716975886893, 4.88399694353288, 4.41051833695493, 3.60205952364059],
  "mcse_mean": [0.0557375282295219, 0.0462293788624847, 0.0542313705632124, 0.0474935816762281, 0.0461450610244603, 0.0485195392528031, 0.0498766794075794, 0.0542511606560972, 0.0330374705950917, 0.0318615135640706]
}
