{
  "names": ["beta[1]", "beta[2]", "sigma"],
  "mean": [25.9165315719362, 0.608628437090334, 18.2758483814245],
  "mcse_mean": [0.0607966628880163, 0.000599137109405391, 0.00631726450154871]
}
