{
  "names": ["beta[1]", "beta[2]", "sigma"],
  "mean": [77.5146147479399, 11.8131711144596, 19.8659904467415],
  "mcse_mean": [0.0204683888141156, 0.0231400613335252, 0.00675065926286156]
}
