{
  "names": ["beta[1]", "beta[2]", "beta[3]", "beta[4]", "sigma"],
  "mean": [86.8155309113088, 2.85515424635678, 0.727292981229052, -0.482226192211943, 18.0229907478008],
  "mcse_mean": [0.0120888826597931, 0.0246602426078688, 0.000815027331000322, 0.00164909028243796, 0.00617465192297768]
}
