{
  "names": ["beta[1]", "beta[2]", "beta[3]", "beta[4]", "sigma"],
  "mean": [-11.3586496255555, 51.0327637998109, 0.967412588207513, -0.481586249179844, 17.9810889299849],
  "mcse_mean": [0.139721652134042, 0.160202445207211, 0.00152178799974895, 0.00169887770019205, 0.00619280086260635]
}
