{
  "names": ["beta[1]", "beta[2]", "beta[3]", "beta[4]", "sigma"],
  "mean": [87.6389685438209, 2.86078599430441, 0.588557779217711, -0.483164158824663, 18.0152073446064],
  "mcse_mean": [0.00912986214372434, 0.0245438180960425, 0.000606041866552847, 0.0016539092612982, 0.00619728359264439]
}
