{
  "names": ["mu[1]", "mu[2]", "sigma[1]", "sigma[2]", "theta"],
  "mean": [-2.73351447451795, 2.86983188566572, 1.02807388317639, 1.0238215386158, 0.621549344358064],
  "mcse_mean": [0.0004164428422851, 0.000559642756180628, 0.000315855160487549, 0.000414631666695789, 0.000154376331059873]
}
