{
  "names": ["beta[1]", "beta[2]", "beta[3]", "beta[4]", "beta[5]", "beta[6]", "beta[7]", "sigma"],
  "mean": [-727.038221507317, 187.037002472637, 373.695945424946, 355.612262706007, -101.687497478658, 132.059069902889, -365.330401222901, 277.761547362804],
  "mcse_mean": [1.50383375203706, 1.19584760890467, 1.2977256624219, 2.26548992936351, 1.92110559599617, 0.362622391662259, 1.06538074002229, 0.321103772050256]
}
