{
  "names": ["beta[1]", "beta[2]", "beta[3]", "beta[4]", "sigma"],
  "mean": [5.22413625845132, 0.612229191684084, 0.292417332746266, -0.527324726594322, 0.347907423981421],
  "mcse_mean": [0.000918247239724009, 0.00200311969683417, 0.00247265694753282, 0.00118986284615017, 0.000397373975247963]
}
