{
  "names": ["beta[1]", "beta[2]", "beta[3]", "beta[4]", "beta[5]", "beta[6]", "beta[7]", "sigma"],
  "mean": [5.35036438720819, 0.398570465445401, 1.1491959478628, 0.377209789143197, 0.390044355818078, 0.109251053163576, -0.584668727994285, 0.340679741485552],
  "mcse_mean": [0.00177355248053093, 0.00293044451296333, 0.002174929078818, 0.00289973236778383, 0.00334068808075089, 0.00126433354495249, 0.00134933878993046, 0.00040281052484726]
}
