{
  "names": ["beta[1]", "beta[2]", "sigma"],
  "mean": [5.17084758450824, 0.722008519434549, 0.426670305955934],
  "mcse_mean": [0.000873165446265347, 0.000563651945878131, 0.000480101525987333]
}
