{
  "names": ["beta[1]", "beta[2]", "beta[3]", "beta[4]", "beta[5]", "beta[6]", "beta[7]", "beta[8]", "beta[9]", "sigma"],
  "mean": [1.77435261489409, 0.483946432600175, -1.10652519487959, -0.188440611125759, -0.0483393625975094, 0.515425534282415, 0.297218300528558, -0.00559509855755233, 0.160726816507293, 1.88225432551779],
  "mcse_mean": [0.0042207596807724, 0.000421260925664372, 0.00194620911399153, 0.00141711284674776, 0.00138611594162173, 0.00182061561794311, 0.00060894498611349, 0.00103729176987582, 0.000526067014886746, 0.000365295578597015]
}
