{
  "names": ["beta[1]", "beta[2]", "beta[3]", "beta[4]", "beta[5]", "beta[6]", "beta[7]", "beta[8]", "beta[9]", "sigma"],
  "mean": [1.67241167306018, 0.603998495176134, -1.28146280252513, -0.14490685714577, -0.384515823063817, 0.0243567043988932, 0.0951382748796761, 0.0276433572930124, 0.228904019703629, 1.8276477760601],
  "mcse_mean": [0.00565675323681367, 0.000517703501439051, 0.00252455199007966, 0.00197875814510668, 0.00196369542911037, 0.00232280702518188, 0.000845227061990583, 0.00142060036592852, 0.000711945264471191, 0.000490199279651164]
}
