{
  "names": ["beta[1]", "beta[2]", "beta[3]", "beta[4]", "beta[5]", "beta[6]", "beta[7]", "beta[8]", "beta[9]", "sigma"],
  "mean": [0.00367897036401205, 0.936293567968805, -1.22225910729469, -0.0311817994387034, -0.27546782607262, -0.117745938503927, 0.251893371649538, -0.0604032697556063, 0.207877223750671, 1.68004395087212],
  "mcse_mean": [0.00457442024774156, 0.000389283924534947, 0.00167259901700184, 0.0016899284756405, 0.00173764923157377, 0.00191982605696463, 0.00065787901660421, 0.00105446221537208, 0.000555886800039906, 0.000382477192939806]
}
