{
  "names": ["beta[1]", "beta[2]", "beta[3]", "beta[4]", "beta[5]", "beta[6]", "beta[7]", "beta[8]", "beta[9]", "sigma"],
  "mean": [0.981863061053209, 0.586474997397413, -1.0967965322476, -0.0376494854562525, -0.05903955415924, 0.449605880594508, 0.277809098438851, 0.1345931906236, 0.171079083222708, 1.78696070641081],
  "mcse_mean": [0.00416689641432101, 0.000406947471028063, 0.00194380623189908, 0.00147961284778561, 0.00142423130465453, 0.00186465822596836, 0.00058526526159779, 0.001028131476116, 0.000565827519169742, 0.000374895134267191]
}
