{
  "names": ["beta[1]", "beta[2]", "beta[3]", "beta[4]", "beta[5]", "beta[6]", "beta[7]", "beta[8]", "beta[9]", "sigma"],
  "mean": [0.804612610911116, 0.789307865326667, -1.07733256028549, -0.453574334074352, -0.718441156967344, -0.482841072045958, 0.244711049502229, -0.0926403483653649, 0.236466634919649, 1.78612518667428],
  "mcse_mean": [0.00734108260722761, 0.000602279197827593, 0.0028230202906068, 0.00294313180122237, 0.00295124231586863, 0.00331063383231284, 0.00106678325298579, 0.00168736764943955, 0.000874246559774564, 0.00058714460129387]
}
