{
  "names": ["k_a", "K_m", "V_m", "sigma"],
  "mean": [0.761013422876304, 2.53728053955015, 0.981820806365048, 0.128834841818538],
  "mcse_mean": [0.000780642770834883, 0.0782881153190289, 0.00603334688230323, 0.000236057749956237]
}
