{
  "names": ["beta[1]", "beta[2]", "beta[3]", "beta[4]", "beta[5]", "sigma"],
  "mean": [0.999466136237714, 1.00022859242684, 1.00042261126501, 1.00114752936447, 1.00156254090258, 0.962632527046047],
  "mcse_mean": [9.84579533312013e-06, 1.16585797386165e-05, 9.64274157984046e-06, 1.06093744566494e-05, 1.05241896874552e-05, 0.000709735881057686]
}
