{
  "name": "diamonds-diamonds",
  "inference": {
    "method": "stan_sampling",
    "method_arguments": {
      "chains": 10,
      "iter": 20000,
      "warmup": 10000,
      "thin": 10,
      "seed": 4711,
      "control": {
        "adapt_delta": 0.98999999999999999,
        "max_treedepth": 20
      }
    }
  },
  "diagnostics": {
    "diagnostic_information": {
      "names": ["b[1]", "b[2]", "b[3]", "b[4]", "b[5]", "b[6]", "b[7]", "b[8]", "b[9]", "b[10]", "b[11]", "b[12]", "b[13]", "b[14]", "b[15]", "b[16]", "b[17]", "b[18]", "b[19]", "b[20]", "b[21]", "b[22]", "b[23]", "b[24]", "Intercept", "sigma"]
    },
    "ndraws": 10000,
    "nchains": 10,
    "effective_sample_size_bulk": [9887.7459603497991, 10310.438346761001, 10137.741405287201, 10136.1230533179, 10057.2361933595, 9730.3184897041901, 9574.4991878444107, 9846.4349437531801, 9861.5479075935, 10118.422678104, 9964.0802437337006, 10171.910141796499, 9892.8668555549302, 9628.9211135197002, 9934.0045079764295, 9527.6703837150108, 10105.2621133498, 10106.4605745892, 9921.4527946156104, 10165.065137911801, 10104.7170513001, 9975.1936542056701, 9976.0976472877992, 10049.558413855901, 9947.6813758736007, 10051.4476397944],
    "effective_sample_size_tail": [9999.00820858923, 9911.8744927696498, 9614.3801638206696, 9868.3004844548996, 9508.7036826251497, 9720.1541211309705, 10035.444416378499, 9829.0098190901608, 9914.9746094264192, 9785.1945247889798, 9798.1054454001496, 9800.9791866447104, 10008.723272961401, 10167.1469286514, 9617.4075501054704, 9516.3010386735004, 9850.0649022800008, 9891.55820340828, 9912.0338998512798, 9787.5687163336806, 9752.5124311997406, 10076.2861558318, 9873.6718713923492, 9857.1141144278808, 9950.0465473412896, 9921.99626148065],
    "r_hat": [1.0002083216125299, 1.0001545728879599, 1.00027610561452, 1.0005942195255, 0.99958387674612403, 0.99997134221956196, 1.0000365012213901, 0.99978145020712095, 1.00041592530143, 1.0000316632738899, 0.99978272825822001, 1.0007247462443301, 0.99982826481009002, 1.0000286494597601, 1.00053647443037, 1.00009244071397, 1.0001571409138801, 1.0002390795141001, 1.0002369233894299, 0.99998194124610795, 0.99991677858273598, 1.0000870221974201, 1.00063196297723, 0.99977116719499703, 1.0001755574828699, 1.00013374272954],
    "divergent_transitions": [0, 0, 0, 0, 0, 0, 0, 0, 0, 0],
    "expected_fraction_of_missing_information": [1.9971571712942799, 2.0561489173854701, 1.9931889634926101, 1.88686691757097, 2.0310224882229702, 1.9609455517772401, 1.9674739114387401, 1.9642671708755901, 1.93037110414862, 2.03839876013752]
  },
  "checks_made": {
    "ndraws_is_gte_10k": true,
    "nchains_is_gte_4": true,
    "ess_within_bounds": true,
    "r_hat_below_1_01": true,
    "efmi_above_0_2": true
  },
  "comments": {},
  "added_by": "Jakob Torgander",
  "added_date": "2024-05-28",
  "versions": {
    "rstan_version": "rstan 2.19.3",
    "r_Makevars": "",
    "r_version": "R version 3.6.1 (2019-07-05)",
    "r_session": "R version 3.6.1 (2019-07-05)\nPlatform: x86_64-pc-linux-gnu (64-bit)\nRunning under: CentOS Linux 7 (Core)\n\nMatrix products: default\nBLAS/LAPACK: /share/apps/spack/envs/fgci-centos7-generic/software/openblas/0.3.7/fqs4o7j/lib/libopenblasp-r0.3.7.so\n\nlocale:\n [1] LC_CTYPE=en_GB.UTF-8       LC_NUMERIC=C              \n [3] LC_TIME=en_GB.UTF-8        LC_COLLATE=en_GB.UTF-8    \n [5] LC_MONETARY=en_GB.UTF-8    LC_MESSAGES=en_GB.UTF-8   \n [7] LC_PAPER=en_GB.UTF-8       LC_NAME=C                 \n [9] LC_ADDRESS=C               LC_TELEPHONE=C            \n[11] LC_MEASUREMENT=en_GB.UTF-8 LC_IDENTIFICATION=C       \n\nattached base packages:\n[1] stats     graphics  grDevices utils     datasets  methods   base     \n\nother attached packages:\n[1] posterior_0.0.2    posteriordb_0.1    rstan_2.19.3       ggplot2_3.3.0     \n[5] StanHeaders_2.19.2\n\nloaded via a namespace (and not attached):\n [1] Rcpp_1.0.4.6       pillar_1.4.3       compiler_3.6.1     prettyunits_1.1.1 \n [5] tools_3.6.1        pkgbuild_1.0.7     lifecycle_0.2.0    tibble_3.0.1      \n [9] gtable_0.3.0       checkmate_2.0.0    pkgconfig_2.0.3    rlang_0.4.6       \n[13] cli_2.0.2          parallel_3.6.1     loo_2.2.0          gridExtra_2.3     \n[17] withr_2.2.0        dplyr_0.8.5        vctrs_0.2.4        stats4_3.6.1      \n[21] grid_3.6.1         tidyselect_1.0.0   glue_1.4.0         inline_0.3.15     \n[25] R6_2.4.1           processx_3.4.2     fansi_0.4.1        callr_3.4.3       \n[29] purrr_0.3.4        magrittr_1.5       backports_1.1.6    scales_1.1.0      \n[33] ps_1.3.2           ellipsis_0.3.0     matrixStats_0.56.0 abind_1.4-5       \n[37] assertthat_0.2.1   colorspace_1.4-1   munsell_0.5.0      crayon_1.3.4      ",
    "r_summary_statistic": "posterior R package, version 1.5.0"
  }
}
