{
  "name": "diamonds-diamonds",
  "inference": {
    "method": "stan_sampling",
    "method_arguments": {
      "chains": 10,
      "iter": 20000,
      "warmup": 10000,
      "thin": 10,
      "seed": 4711,
      "control": {
        "adapt_delta": 0.99,
        "max_treedepth": 20
      }
    }
  },
  "diagnostics": {
    "diagnostic_information": {
      "names": ["b[1]", "b[2]", "b[3]", "b[4]", "b[5]", "b[6]", "b[7]", "b[8]", "b[9]", "b[10]", "b[11]", "b[12]", "b[13]", "b[14]", "b[15]", "b[16]", "b[17]", "b[18]", "b[19]", "b[20]", "b[21]", "b[22]", "b[23]", "b[24]", "Intercept", "sigma"]
    },
    "ndraws": 10000,
    "nchains": 10,
    "effective_sample_size_bulk": [9887.7459603498, 10310.438346761, 10137.7414052872, 10136.1230533179, 10057.2361933595, 9730.31848970419, 9574.49918784441, 9846.43494375318, 9861.5479075935, 10118.422678104, 9964.0802437337, 10171.9101417965, 9892.86685555493, 9628.9211135197, 9934.00450797643, 9527.67038371501, 10105.2621133498, 10106.4605745892, 9921.45279461561, 10165.0651379118, 10104.7170513001, 9975.19365420567, 9976.0976472878, 10049.5584138559, 9947.6813758736, 10051.4476397944],
    "effective_sample_size_tail": [9999.00820858923, 9911.87449276965, 9614.38016382067, 9868.3004844549, 9508.70368262515, 9720.15412113097, 10035.4444163785, 9829.00981909016, 9914.97460942642, 9785.19452478898, 9798.10544540015, 9800.97918664471, 10008.7232729614, 10167.1469286514, 9617.40755010547, 9516.3010386735, 9850.06490228, 9891.55820340828, 9912.03389985128, 9787.56871633368, 9752.51243119974, 10076.2861558318, 9873.67187139235, 9857.11411442788, 9950.04654734129, 9921.99626148065],
    "r_hat": [1.00020832161253, 1.00015457288796, 1.00027610561452, 1.0005942195255, 0.999583876746124, 0.999971342219562, 1.00003650122139, 0.999781450207121, 1.00041592530143, 1.00003166327389, 0.99978272825822, 1.00072474624433, 0.99982826481009, 1.00002864945976, 1.00053647443037, 1.00009244071397, 1.00015714091388, 1.0002390795141, 1.00023692338943, 0.999981941246108, 0.999916778582736, 1.00008702219742, 1.00063196297723, 0.999771167194997, 1.00017555748287, 1.00013374272954],
    "divergent_transitions": [0, 0, 0, 0, 0, 0, 0, 0, 0, 0],
    "expected_fraction_of_missing_information": [1.99715717129428, 2.05614891738547, 1.99318896349261, 1.88686691757097, 2.03102248822297, 1.96094555177724, 1.96747391143874, 1.96426717087559, 1.93037110414862, 2.03839876013752],
    "mean_lag1_ac": [0.000263316070126023, -0.0144427900446158, -0.00620170215152676, -0.00600453384731091, -0.00127422581461052, 0.0137074277511925, 0.0124456511450131, -0.00284807601173818, 0.00709268123835831, -0.0047753608805959, 0.00466692304550196, -0.0118262121551955, 0.0018940309372966, -0.00930404712835044, 0.00428554588708977, 0.0250898246546553, -0.00419682924952702, -0.00901010598573654, 0.0064297951174965, -0.000756158763261843, -0.00273950402919965, -7.09564831376012e-05, 0.000795669435009907, -0.00887242730740577, 0.00220723060129902, -0.00234085484336202]
  },
  "checks_made": {
    "ndraws_is_gte_10k": true,
    "nchains_is_gte_4": true,
    "ess_within_bounds": true,
    "r_hat_below_1_01": true,
    "efmi_above_0_2": true,
    "abs_mean_lag1_ac_below_0_05": true
  },
  "comments": null,
  "added_by": "Jakob Torgander",
  "added_date": "2024-05-30",
  "versions": {
    "rstan_version": "rstan 2.19.3",
    "r_Makevars": "",
    "r_version": "R version 3.6.1 (2019-07-05)",
    "r_session": "R version 3.6.1 (2019-07-05)\nPlatform: x86_64-pc-linux-gnu (64-bit)\nRunning under: CentOS Linux 7 (Core)\n\nMatrix products: default\nBLAS/LAPACK: /share/apps/spack/envs/fgci-centos7-generic/software/openblas/0.3.7/fqs4o7j/lib/libopenblasp-r0.3.7.so\n\nlocale:\n [1] LC_CTYPE=en_GB.UTF-8       LC_NUMERIC=C              \n [3] LC_TIME=en_GB.UTF-8        LC_COLLATE=en_GB.UTF-8    \n [5] LC_MONETARY=en_GB.UTF-8    LC_MESSAGES=en_GB.UTF-8   \n [7] LC_PAPER=en_GB.UTF-8       LC_NAME=C                 \n [9] LC_ADDRESS=C               LC_TELEPHONE=C            \n[11] LC_MEASUREMENT=en_GB.UTF-8 LC_IDENTIFICATION=C       \n\nattached base packages:\n[1] stats     graphics  grDevices utils     datasets  methods   base     \n\nother attached packages:\n[1] posterior_0.0.2    posteriordb_0.1    rstan_2.19.3       ggplot2_3.3.0     \n[5] StanHeaders_2.19.2\n\nloaded via a namespace (and not attached):\n [1] Rcpp_1.0.4.6       pillar_1.4.3       compiler_3.6.1     prettyunits_1.1.1 \n [5] tools_3.6.1        pkgbuild_1.0.7     lifecycle_0.2.0    tibble_3.0.1      \n [9] gtable_0.3.0       checkmate_2.0.0    pkgconfig_2.0.3    rlang_0.4.6       \n[13] cli_2.0.2          parallel_3.6.1     loo_2.2.0          gridExtra_2.3     \n[17] withr_2.2.0        dplyr_0.8.5        vctrs_0.2.4        stats4_3.6.1      \n[21] grid_3.6.1         tidyselect_1.0.0   glue_1.4.0         inline_0.3.15     \n[25] R6_2.4.1           processx_3.4.2     fansi_0.4.1        callr_3.4.3       \n[29] purrr_0.3.4        magrittr_1.5       backports_1.1.6    scales_1.1.0      \n[33] ps_1.3.2           ellipsis_0.3.0     matrixStats_0.56.0 abind_1.4-5       \n[37] assertthat_0.2.1   colorspace_1.4-1   munsell_0.5.0      crayon_1.3.4      ",
    "r_summary_statistic": "posterior R package, version 1.5.0"
  }
}
