{
  "name": "eight_schools-eight_schools_noncentered",
  "inference": {
    "method": "stan_sampling",
    "method_arguments": {
      "chains": 10,
      "iter": 20000,
      "warmup": 10000,
      "thin": 10,
      "seed": 4711,
      "control": {
        "adapt_delta": 0.94999999999999996
      }
    }
  },
  "diagnostics": {
    "diagnostic_information": {
      "names": ["mu", "tau", "theta[1]", "theta[2]", "theta[3]", "theta[4]", "theta[5]", "theta[6]", "theta[7]", "theta[8]"]
    },
    "ndraws": 10000,
    "nchains": 10,
    "effective_sample_size_bulk": [10041.0896201168, 9989.2716395650896, 10095.296771642399, 10048.7605290177, 9533.2269699408607, 10026.3139529165, 9921.7667154621104, 9782.6912591799992, 10038.512124352201, 9605.1545326923406],
    "effective_sample_size_tail": [9973.4769650583603, 9992.1810032474896, 9732.4795272390802, 10139.1087989181, 9338.9817171425402, 9665.7783122239907, 10206.526353924601, 10038.576355031901, 9689.92308837161, 9870.8837460981104],
    "r_hat": [0.99976115558752998, 0.99984547337444796, 0.99978876758351798, 0.99983973611751897, 1.00013610191566, 1.00026622626714, 1.00048367344003, 1.00004664967257, 0.99993152729423596, 0.99996833017314402],
    "divergent_transitions": [0, 0, 0, 0, 0, 0, 0, 0, 0, 0],
    "expected_fraction_of_missing_information": [2.0577865528433201, 1.94573243779057, 1.8614981645551401, 2.0354076442814999, 2.04937069252516, 2.0096436975793801, 1.92195205578032, 1.95938358722255, 1.9956485441691401, 1.9902402183992201]
  },
  "checks_made": {
    "ndraws_is_gte_10k": true,
    "nchains_is_gte_4": true,
    "ess_within_bounds": true,
    "r_hat_below_1_01": true,
    "efmi_above_0_2": true
  },
  "comments": {},
  "added_by": "Jakob Torgander",
  "added_date": "2024-05-28",
  "versions": {
    "rstan_version": "rstan 2.21.1",
    "r_Makevars": "# clang: start\nCFLAGS=-isysroot /Library/Developer/CommandLineTools/SDKs/MacOSX.sdk\nCCFLAGS=-isysroot /Library/Developer/CommandLineTools/SDKs/MacOSX.sdk\nCXXFLAGS=-isysroot /Library/Developer/CommandLineTools/SDKs/MacOSX.sdk\nCPPFLAGS=-isysroot /Library/Developer/CommandLineTools/SDKs/MacOSX.sdk -I/usr/local/include\n\nSHLIB_CXXLDFLAGS+=-Wl,-rpath,/Library/Frameworks/R.framework/Resources/lib /Library/Frameworks/R.framework/Resources/lib/libc++abi.1.dylib\nSHLIB_CXX11LDFLAGS+=-Wl,-rpath,/Library/Frameworks/R.framework/Resources/lib /Library/Frameworks/R.framework/Resources/lib/libc++abi.1.dylib\nSHLIB_CXX14LDFLAGS+=-Wl,-rpath,/Library/Frameworks/R.framework/Resources/lib /Library/Frameworks/R.framework/Resources/lib/libc++abi.1.dylib\n# clang: end",
    "r_version": "R version 3.6.1 (2019-07-05)",
    "r_session": "R version 3.6.1 (2019-07-05)\nPlatform: x86_64-apple-darwin15.6.0 (64-bit)\nRunning under: macOS Catalina 10.15.3\n\nMatrix products: default\nBLAS:   /System/Library/Frameworks/Accelerate.framework/Versions/A/Frameworks/vecLib.framework/Versions/A/libBLAS.dylib\nLAPACK: /Library/Frameworks/R.framework/Versions/3.6/Resources/lib/libRlapack.dylib\n\nlocale:\n[1] sv_SE.UTF-8/sv_SE.UTF-8/sv_SE.UTF-8/C/sv_SE.UTF-8/sv_SE.UTF-8\n\nattached base packages:\n[1] stats     graphics  grDevices utils     datasets  methods  \n[7] base     \n\nother attached packages:\n[1] posteriordb_0.1      testthat_2.3.0       rstan_2.21.1        \n[4] ggplot2_3.2.1        StanHeaders_2.21.0-1 posterior_0.0.2     \n\nloaded via a namespace (and not attached):\n [1] tidyselect_0.2.5   purrr_0.3.3        V8_3.0.1          \n [4] colorspace_1.4-1   vctrs_0.2.4        stats4_3.6.1      \n [7] loo_2.2.0          rlang_0.4.5        pkgbuild_1.0.6    \n[10] pillar_1.4.3       glue_1.3.2         withr_2.1.2       \n[13] matrixStats_0.55.0 lifecycle_0.2.0    munsell_0.5.0     \n[16] gtable_0.3.0       codetools_0.2-16   inline_0.3.15     \n[19] callr_3.4.1        ps_1.3.0           curl_4.3          \n[22] parallel_3.6.1     fansi_0.4.1        Rcpp_1.0.3        \n[25] scales_1.1.0       backports_1.1.5    checkmate_2.0.0   \n[28] desc_1.2.0         pkgload_1.0.2      RcppParallel_4.4.4\n[31] jsonlite_1.6       abind_1.4-5        gridExtra_2.3     \n[34] packrat_0.5.0      processx_3.4.1     dplyr_0.8.3       \n[37] grid_3.6.1         rprojroot_1.3-2    cli_2.0.2         \n[40] tools_3.6.1        magrittr_1.5       lazyeval_0.2.2    \n[43] tibble_3.0.0       crayon_1.3.4       pkgconfig_2.0.3   \n[46] ellipsis_0.3.0     prettyunits_1.1.1  assertthat_0.2.1  \n[49] rstudioapi_0.10    R6_2.4.1           compiler_3.6.1    ",
    "r_summary_statistic": "posterior R package, version 1.5.0"
  }
}
