{
  "name": "mcycle_gp-accel_gp",
  "inference": {
    "method": "stan_sampling",
    "method_arguments": {
      "chains": 10,
      "iter": 20000,
      "warmup": 10000,
      "thin": 10,
      "seed": 4711,
      "control": {
        "adapt_delta": 0.999,
        "max_treedepth": 15
      }
    }
  },
  "diagnostics": {
    "diagnostic_information": {
      "names": ["Intercept", "sdgp_1", "lscale_1", "zgp_1[1]", "zgp_1[2]", "zgp_1[3]", "zgp_1[4]", "zgp_1[5]", "zgp_1[6]", "zgp_1[7]", "zgp_1[8]", "zgp_1[9]", "zgp_1[10]", "zgp_1[11]", "zgp_1[12]", "zgp_1[13]", "zgp_1[14]", "zgp_1[15]", "zgp_1[16]", "zgp_1[17]", "zgp_1[18]", "zgp_1[19]", "zgp_1[20]", "zgp_1[21]", "zgp_1[22]", "zgp_1[23]", "zgp_1[24]", "zgp_1[25]", "zgp_1[26]", "zgp_1[27]", "zgp_1[28]", "zgp_1[29]", "zgp_1[30]", "zgp_1[31]", "zgp_1[32]", "zgp_1[33]", "zgp_1[34]", "zgp_1[35]", "zgp_1[36]", "zgp_1[37]", "zgp_1[38]", "zgp_1[39]", "zgp_1[40]", "Intercept_sigma", "sdgp_sigma_1", "lscale_sigma_1", "zgp_sigma_1[1]", "zgp_sigma_1[2]", "zgp_sigma_1[3]", "zgp_sigma_1[4]", "zgp_sigma_1[5]", "zgp_sigma_1[6]", "zgp_sigma_1[7]", "zgp_sigma_1[8]", "zgp_sigma_1[9]", "zgp_sigma_1[10]", "zgp_sigma_1[11]", "zgp_sigma_1[12]", "zgp_sigma_1[13]", "zgp_sigma_1[14]", "zgp_sigma_1[15]", "zgp_sigma_1[16]", "zgp_sigma_1[17]", "zgp_sigma_1[18]", "zgp_sigma_1[19]", "zgp_sigma_1[20]"]
    },
    "ndraws": 10000,
    "nchains": 10,
    "effective_sample_size_bulk": [9942.7922780907702, 10073.3131789498, 10135.257002194199, 9833.9267661767808, 9932.5100654984999, 9856.0023973418993, 9993.9044568623503, 10029.7611615434, 9594.8306309957807, 10303.5363629317, 9740.0519857510208, 9958.5782653387905, 10073.9934098093, 9651.9866888582892, 9901.8352417069691, 9715.5871432852291, 9944.7955084394707, 9864.1979588343293, 10115.567378502201, 9833.4131973602798, 9983.2407943421003, 9834.5229375169693, 9891.1137146681594, 9652.1936485260503, 9637.3426137306506, 9853.92919288556, 9415.0787389448906, 10169.5971969328, 9594.2954873425606, 9459.3236258258294, 10134.236548249901, 9459.9337313132291, 9883.8643982000503, 9771.3633865006504, 9827.3382230536608, 10329.3255828622, 10486.3652832076, 10038.2456914839, 9916.9053254464598, 10414.998379774001, 10634.630855489, 9950.13226946129, 10068.208825084501, 9625.0773069659808, 9638.1925254568196, 9549.5212135306301, 9461.6756210483109, 9992.8788923720094, 9974.3129253263996, 9834.5044999485508, 10031.2288414964, 10218.369573243001, 10077.7612444721, 9999.5223350483593, 9941.2641902678697, 9789.1155224239701, 10242.487527249699, 10261.509198142499, 9924.9981977575007, 10082.7614776838, 10206.509036799, 9763.0067991902706, 10130.3700562864, 9310.2508335600505, 9774.6981216129407, 9255.7018990851102],
    "effective_sample_size_tail": [9911.6916869850793, 9590.12738746791, 9512.7695399092609, 9658.3711607815494, 9246.51519476879, 9765.8896914444394, 10036.214788691301, 9550.1952458683209, 9681.4400126282999, 10206.1774788192, 9362.4339308500294, 10162.0468150654, 9986.3760577142693, 9947.5221796660699, 9908.4906931039495, 9530.9607108396904, 9950.7848854889999, 9897.1548859641007, 9801.5328434854291, 9819.9812142994997, 9709.1402738069792, 9690.0654027642904, 9227.9410844840895, 9617.3894082673596, 9831.4463475984303, 9601.3748881983192, 9691.7883591751197, 9305.1856070336198, 9767.2229242409794, 9862.4187558819394, 9774.9248456523892, 9747.2481110991903, 9952.3556532069306, 9868.4070449458195, 9419.3137651336692, 9983.2351194797593, 10103.287700594899, 9829.3048104131904, 9584.7684371834894, 9630.0570760264709, 9951.9347878000008, 9743.9171233786292, 9998.6415365642006, 9744.8637176535103, 9868.0061297124994, 9306.2723871485596, 9554.0483838058299, 9914.4974221565808, 9854.9902573784293, 9727.3633567770994, 9869.5723274140692, 9670.1313471000103, 9147.1861605486192, 10293.320938147501, 9790.1303593117991, 9746.1541664202105, 9740.7907414617894, 9553.5258983175099, 9953.4243300961698, 9992.5606195160708, 9786.2765339605103, 9726.6976725673103, 9424.8309662507709, 9954.2182286566695, 10153.9870663933, 9499.8653612933504],
    "r_hat": [1.0000325294932799, 0.99964930345848102, 1.0001256386844799, 1.0000102047511601, 1.00023240009699, 0.99990706968999099, 1.00021605661722, 1.00029489140315, 1.00013811553941, 1.0012572324556399, 1.00009300145108, 1.0002740900434399, 1.0001294258358899, 1.0000525234304301, 1.0002214413633299, 1.00056912368428, 0.99975401420017995, 1.00040326976595, 1.0001416536041901, 1.00057422303846, 1.00085880603158, 1.00072906304679, 0.99996268991829895, 0.99969828456988696, 1.0008916086800099, 1.00008059098546, 1.00056801207834, 0.99996029988694901, 1.0004640599060699, 0.99996416637163898, 0.999752561326401, 1.0002470337882901, 0.99995921643845798, 1.0005202620664599, 1.0002978961407201, 1.0004981464767799, 1.0000476235331901, 1.00011014060206, 1.00031366270724, 1.0000016477409399, 0.99988620641249804, 1.0004099495484799, 0.99994375439222005, 0.99989894038279703, 1.0002870869603899, 1.0001141716714901, 0.99980035724271998, 1.00025908824698, 0.999865121005035, 1.00022313375149, 0.99996908388483197, 1.0005100299923699, 0.99992552941195201, 1.00039736065421, 1.0000462106807699, 1.00004122228457, 1.0002630803679999, 1.00090286777168, 1.00011376676715, 1.0003242210552199, 1.00006873249606, 0.99996486592646905, 0.99988477210052396, 1.00008291565328, 1.00004804190306, 0.99997644133340002],
    "divergent_transitions": [0, 0, 0, 0, 0, 0, 0, 0, 0, 0],
    "expected_fraction_of_missing_information": [2.0329171378711499, 2.1345003968676202, 1.93292991565431, 1.92671215510572, 2.02328479989175, 1.9444076255810101, 1.9009405528723999, 1.9267159654213599, 1.9471241914474999, 1.9040664910807501]
  },
  "checks_made": {
    "ndraws_is_gte_10k": true,
    "nchains_is_gte_4": true,
    "ess_within_bounds": true,
    "r_hat_below_1_01": true,
    "efmi_above_0_2": true
  },
  "comments": {},
  "added_by": "Jakob Torgander",
  "added_date": "2024-05-28",
  "versions": {
    "rstan_version": "rstan 2.19.2",
    "r_Makevars": "\nCXX14FLAGS=-O3 -march=native -mtune=native -fPIC\nCXX14=g++",
    "r_version": "R version 3.6.1 (2019-07-05)",
    "r_session": "R version 3.6.1 (2019-07-05)\nPlatform: x86_64-pc-linux-gnu (64-bit)\nRunning under: Ubuntu 16.04.6 LTS\n\nMatrix products: default\nBLAS:   /usr/lib/libblas/libblas.so.3.6.0\nLAPACK: /usr/lib/lapack/liblapack.so.3.6.0\n\nlocale:\n [1] LC_CTYPE=en_US.UTF-8       LC_NUMERIC=C               LC_TIME=fi_FI.UTF-8        LC_COLLATE=en_US.UTF-8     LC_MONETARY=fi_FI.UTF-8   \n [6] LC_MESSAGES=en_US.UTF-8    LC_PAPER=fi_FI.UTF-8       LC_NAME=C                  LC_ADDRESS=C               LC_TELEPHONE=C            \n[11] LC_MEASUREMENT=fi_FI.UTF-8 LC_IDENTIFICATION=C       \n\nattached base packages:\n[1] stats     graphics  grDevices utils     datasets  methods   base     \n\nother attached packages:\n[1] posterior_0.0.1    posteriordb_0.1    rstan_2.19.2       ggplot2_3.2.1      StanHeaders_2.19.0\n\nloaded via a namespace (and not attached):\n [1] Rcpp_1.0.2         pillar_1.4.2       compiler_3.6.1     prettyunits_1.0.2  tools_3.6.1        pkgbuild_1.0.6     checkmate_2.0.0   \n [8] tibble_2.1.3       gtable_0.3.0       pkgconfig_2.0.3    rlang_0.4.4        cli_1.1.0          rstudioapi_0.10    yaml_2.2.0        \n[15] parallel_3.6.1     loo_2.1.0          gridExtra_2.3      withr_2.1.2        dplyr_0.8.3        stats4_3.6.1       grid_3.6.1        \n[22] tidyselect_0.2.5   glue_1.3.1         inline_0.3.15      R6_2.4.0           processx_3.4.1     purrr_0.3.3        callr_3.3.2       \n[29] magrittr_1.5       backports_1.1.6    scales_1.0.0       ps_1.3.0           matrixStats_0.55.0 abind_1.4-5        assertthat_0.2.1  \n[36] colorspace_1.4-1   lazyeval_0.2.2     munsell_0.5.0      crayon_1.3.4      ",
    "r_summary_statistic": "posterior R package, version 1.5.0"
  }
}
