{
  "names": ["alpha", "beta[1]", "beta[2]", "beta[3]", "beta[4]", "beta[5]", "sigma"],
  "mean_value": [-0.000718650251261263, 0.692163279812727, 0.439043080115602, 0.105816025140126, -0.0354350382459401, -0.301512065609031, 0.150566659032913],
  "mcse_mean": [0.000106240747686088, 0.000722052266688382, 0.000907972815290037, 0.000922855852323399, 0.000854130749737874, 0.000699559554459409, 7.96546722860024e-05]
}
