{
  "names": ["mu", "phi", "theta", "sigma"],
  "mean_value": [0.00691486351224137, 0.957012888586847, -0.0336960218471, 0.166481622433993],
  "mcse_mean": [0.000116069717876411, 0.000227498746033801, 0.000606613465028086, 8.39209405745299e-05]
}
