{
  "names": ["theta1[1]", "theta1[2]", "theta2[1]", "theta2[2]", "phi[1]", "phi[2]", "lambda[1]", "lambda[2]"],
  "mean_value": [0.966378012599246, 0.0336219874007542, 0.00890465016333417, 0.991095349836666, -2.34447798604329, -0.744313699130438, 2.42807833884102, 3.5423293627886],
  "mcse_mean": [0.000186812804322663, 0.000186812804322663, 5.1401943634698e-05, 5.1401943634698e-05, 0.000112112422992887, 5.65606916229152e-05, 0.000118600295448425, 5.62357358077586e-05]
}
