{
  "names": ["b[1]", "b[2]", "b[3]", "b[4]", "b[5]", "b[6]", "b[7]", "b[8]", "b[9]", "b[10]", "b[11]", "b[12]", "b[13]", "b[14]", "b[15]", "b[16]", "b[17]", "b[18]", "b[19]", "b[20]", "b[21]", "b[22]", "b[23]", "b[24]", "Intercept", "sigma"],
  "mean_value": [6.65991509194362, 6.36322554860201, -4.68373838722215, 1.44679769617882, 0.13435962619512, -0.0402057036356528, 0.0228076321989861, 0.00195559371924443, -0.444854075009592, -0.0926536580041733, -0.0125799617889106, 0.0107297168200251, -0.0013725624540035, 0.000743876014061221, 0.901047484546509, -0.220906262272685, 0.131129731450638, -0.0577817649964288, 0.0181781646292822, -0.00218000352779076, 0.0317297812799213, -6.10758338206626, 4.62614402252697, -1.44078115073498, 7.78799588620359, 0.122879201567657],
  "mcse_mean": [0.00252304470631423, 0.00323254864226539, 0.00318791095146501, 0.00140295822531085, 7.43311738429524e-05, 6.61720398213908e-05, 5.80291896708657e-05, 4.48513012904167e-05, 6.11402688238187e-05, 5.52403277136841e-05, 5.23742115800226e-05, 4.7803049284098e-05, 4.56024563403764e-05, 4.29310486032465e-05, 0.000112139379054232, 0.000106909076824555, 8.94862077746619e-05, 6.99095770706765e-05, 5.74463904163384e-05, 4.93557957012608e-05, 4.30793522682127e-05, 0.00297940636450743, 0.00298497322718626, 0.00153529443355223, 1.75599122086603e-05, 1.23338067434279e-05]
}
