{
  "names": ["beta[1]", "beta[2]", "beta[3]", "beta[4]", "sigma"],
  "mean_value": [9.52549964097918, 0.0648115312220755, 0.420234445704632, 0.0297535560137668, 0.881850720409661],
  "mcse_mean": [0.000441540675819938, 0.000489816515163512, 0.000723092265227056, 0.000736478434319648, 0.000179666653128491]
}
