{
  "names": ["beta[1]", "beta[2]", "beta[3]", "sigma"],
  "mean_value": [3.61190825656316, 1.40988161421318, 0.42106760505252, 0.881924209281044],
  "mcse_mean": [0.0259435757935078, 0.00622317201928054, 0.000713177586631299, 0.000180257456443177]
}
