{
  "names": ["beta[1]", "beta[2]", "beta[3]", "sigma"],
  "mean_value": [8.15766273380699, 0.0205770574662268, 0.423857341795388, 0.881821365802853],
  "mcse_mean": [0.00593457766169152, 9.17646608257798e-05, 0.000723543221221686, 0.000186480504211585]
}
