{
  "names": ["beta[1]", "beta[2]", "sigma"],
  "mean_value": [2.51052052048967, 0.0255259925903211, 0.388285614954118],
  "mcse_mean": [0.00195791611964423, 2.91798179639348e-05, 7.92590204486297e-05]
}
