{
  "names": ["mu", "alpha0", "alpha1", "beta1"],
  "mean_value": [5.05001794660039, 1.47075973803898, 0.567284282813872, 0.293024546082117],
  "mcse_mean": [0.00123500863504721, 0.00568114335897224, 0.00128025972217755, 0.00125411180836808]
}
