{
  "names": ["rho", "alpha", "sigma"],
  "mean_value": [6.87434817782581, 2.4423998398757, 1.82873106572797],
  "mcse_mean": [0.0127649184133038, 0.00775729060630055, 0.00502769102294288]
}
