{
  "names": ["rho", "alpha", "f[1]", "f[2]", "f[3]", "f[4]", "f[5]", "f[6]", "f[7]", "f[8]", "f[9]", "f[10]", "f[11]"],
  "mean_value": [5.66652941021132, 2.92134418379513, 3.63574060402204, 3.6886122237674, 3.25466563615865, 2.40916833234055, 1.56153312269637, 1.2952616184373, 1.93120329718491, 3.17960664748282, 4.25292132252809, 4.41509940077751, 3.50681694306204],
  "mcse_mean": [0.00677167972009557, 0.00791888007451612, 0.00150229816230368, 0.00126760954603922, 0.00143599713293088, 0.00196152704219273, 0.00243566943170736, 0.00266499729292379, 0.0022509184375259, 0.0014386174057155, 0.000968650468626025, 0.000925373446504814, 0.00163396388346658]
}
