{
  "names": ["theta1[1]", "theta1[2]", "theta2[1]", "theta2[2]", "mu[1]", "mu[2]"],
  "mean_value": [0.666645206221172, 0.333354793778828, 0.0731325879701066, 0.926867412029893, 3.02151676707338, 8.82728187141987],
  "mcse_mean": [0.00100229158098014, 0.00100229158098014, 0.00028573535653777, 0.00028573535653777, 0.00222363750488603, 0.00111719464267671]
}
