{
  "names": ["theta[1]", "theta[2]", "theta[3]", "theta[4]", "z_init[1]", "z_init[2]", "sigma[1]", "sigma[2]"],
  "mean_value": [0.546864499783931, 0.0277472877678081, 0.800095360233122, 0.0240859152534545, 34.0352224770469, 5.93589713368062, 0.24805686320252, 0.251016914583618],
  "mcse_mean": [0.00062626907415417, 4.11604266143508e-05, 0.000884603225898987, 3.50047668143892e-05, 0.0293082761729642, 0.00533872103038814, 0.000439337727695207, 0.000439525598676463]
}
