{
  "names": ["beta[1]", "beta[2]", "beta[3]", "sigma"],
  "mean_value": [25.7941145578544, 5.98743192293386, 0.562993791866958, 18.1391940930461],
  "mcse_mean": [0.0578337375368676, 0.0219080593601823, 0.000597316945584746, 0.0061574835247797]
}
