{
  "names": ["beta[1]", "beta[2]", "beta[3]", "beta[4]", "sigma"],
  "mean_value": [82.005521305858, 3.88436056565151, 11.5330513969456, 5.20145908077811, 20.2932584541411],
  "mcse_mean": [0.0230314474802723, 0.0307094141028972, 0.0349579227827172, 0.0270362180718766, 0.00716374209874059]
}
