{
  "names": ["beta[1]", "beta[2]", "beta[3]", "beta[4]", "sigma"],
  "mean_value": [87.6486330164183, 2.32242585043269, 17.6359128268882, -11.916014846801, 18.0227711005593],
  "mcse_mean": [0.00919205597293969, 0.0205304831099619, 0.018210476465683, 0.0398161875682976, 0.0060211781999381]
}
