{
  "names": ["alpha", "beta", "sigma"],
  "mean_value": [-60.7122808222295, 0.0175836260167159, 1.13166692864844],
  "mcse_mean": [0.306589251426294, 7.69685220285905e-05, 0.00106203149739368]
}
