{
  "names": ["Intercept", "sdgp_1", "lscale_1", "zgp_1[1]", "zgp_1[2]", "zgp_1[3]", "zgp_1[4]", "zgp_1[5]", "zgp_1[6]", "zgp_1[7]", "zgp_1[8]", "zgp_1[9]", "zgp_1[10]", "zgp_1[11]", "zgp_1[12]", "zgp_1[13]", "zgp_1[14]", "zgp_1[15]", "zgp_1[16]", "zgp_1[17]", "zgp_1[18]", "zgp_1[19]", "zgp_1[20]", "zgp_1[21]", "zgp_1[22]", "zgp_1[23]", "zgp_1[24]", "zgp_1[25]", "zgp_1[26]", "zgp_1[27]", "zgp_1[28]", "zgp_1[29]", "zgp_1[30]", "zgp_1[31]", "zgp_1[32]", "zgp_1[33]", "zgp_1[34]", "zgp_1[35]", "zgp_1[36]", "zgp_1[37]", "zgp_1[38]", "zgp_1[39]", "zgp_1[40]", "Intercept_sigma", "sdgp_sigma_1", "lscale_sigma_1", "zgp_sigma_1[1]", "zgp_sigma_1[2]", "zgp_sigma_1[3]", "zgp_sigma_1[4]", "zgp_sigma_1[5]", "zgp_sigma_1[6]", "zgp_sigma_1[7]", "zgp_sigma_1[8]", "zgp_sigma_1[9]", "zgp_sigma_1[10]", "zgp_sigma_1[11]", "zgp_sigma_1[12]", "zgp_sigma_1[13]", "zgp_sigma_1[14]", "zgp_sigma_1[15]", "zgp_sigma_1[16]", "zgp_sigma_1[17]", "zgp_sigma_1[18]", "zgp_sigma_1[19]", "zgp_sigma_1[20]"],
  "mean_value": [-10.5611108251771, 43.0896028398911, 0.0801464823205872, -0.0333361006137775, -0.292617787641776, 0.396884779715122, 0.389921666402847, -0.733093241151628, -0.452087283412103, 0.709038896445349, 0.668501011711109, -0.522964546186194, -0.930133100152705, 0.45341991506677, 1.01492992145126, -0.528872206923009, -0.874912284522023, 0.554887700890853, 0.763032779403392, -0.398351172875186, -0.851958186155252, 0.206278858602484, 1.04020809032228, -0.115171103063627, -1.06842677998132, 0.108149246126415, 0.848339616197927, -0.0594703689781013, -0.585573532561439, 0.011047480241625, 0.405503438154462, 0.0347341074097302, -0.26245381668011, -0.126248969086189, 0.141587827593901, 0.342066181804888, 0.0215160187516179, -0.562917861207192, -0.148865314141064, 0.646679469581254, 0.256974041062933, -0.450829410884286, -0.397408422025971, 2.42788734583564, 2.8844004172729, 0.0296730357867109, 0.0512589601304836, -0.513192435226895, -0.348733663975341, 0.863647281748137, 0.654118415407414, -0.887761244014251, -0.784966711091486, 0.483812700819995, 0.709367206333859, 0.0967238713100142, -0.476782934879152, -0.527389823267951, 0.172396270699642, 0.541414511479168, 0.274297640922978, -0.322040170121165, -0.663456237613703, 0.0258908009143115, 0.673802485293711, 0.355694743180847],
  "mcse_mean": [0.159769473524178, 0.113025019656216, 0.000153225617255014, 0.00939887161311464, 0.00856309836040681, 0.00901500113052919, 0.00754020670773753, 0.00790450883318156, 0.00830563707929636, 0.00792592089600752, 0.00803677896419384, 0.0080569328064482, 0.00796677432633584, 0.00804944230951601, 0.0082131632039049, 0.00798704373332592, 0.00819568024275883, 0.00810930639577303, 0.00789919402775031, 0.00815130186665207, 0.00819372336282533, 0.00808206231000419, 0.0083004814113288, 0.0082027008781878, 0.00839548173290021, 0.00817610769124129, 0.00861115429201102, 0.00802059191796748, 0.00848903014968385, 0.00844502186782461, 0.00858294576620072, 0.00858968393346383, 0.00872072239367653, 0.00868531356322977, 0.00867244959175003, 0.00859443465309051, 0.00853354168775264, 0.00899667533104101, 0.00890134331543114, 0.00881734657845037, 0.00883021177121979, 0.00898338131956077, 0.00908734047997688, 0.00618680807846173, 0.0156588575976375, 0.000347590734283619, 0.0101765293996965, 0.00897380076059975, 0.00952355536979964, 0.0080984827604023, 0.00838329825489922, 0.00832223976331769, 0.00829148408901854, 0.00813663380737504, 0.00840435989889858, 0.0080908901204812, 0.00800074702008473, 0.0078998020220162, 0.00803111960067904, 0.00818422280515546, 0.00784304259501656, 0.00800236907409563, 0.00804382620870962, 0.00816126059252172, 0.0061077470585248, 0.00623577235646162]
}
