{
  "names": ["beta[1]", "beta[2]", "beta[3]", "beta[4]", "beta[5]", "beta[6]", "beta[7]", "sigma"],
  "mean_value": [5.35152488110844, 0.375891958245802, 0.397439479886509, -0.374894574786052, 0.389363406514674, 0.110039190747153, -0.584713892589087, 0.340757417089737],
  "mcse_mean": [0.00177751456244447, 0.00290736121888851, 0.00303434336039343, 0.00243809270108354, 0.00329243193821462, 0.00125729885462266, 0.00134498562178937, 0.00040581992149926]
}
