{
  "names": ["beta[1]", "beta[2]", "beta[3]", "beta[4]", "beta[5]", "beta[6]", "sigma"],
  "mean_value": [5.30991111507012, 0.387176661998672, 0.409639357840118, -0.317463628740241, 0.423455262770221, -0.538554434725468, 0.339394677467625],
  "mcse_mean": [0.00170214365369495, 0.00283123880856243, 0.00300454732258275, 0.00229449766480208, 0.00316864280389917, 0.00122004008151179, 0.000394183487010364]
}
