{
  "names": ["beta[1]", "beta[2]", "beta[3]", "beta[4]", "beta[5]", "beta[6]", "beta[7]", "beta[8]", "beta[9]", "sigma"],
  "mean_value": [2.29019122435733, 0.6265572775179, -1.48309118109423, -0.231629412061845, -0.664156769076371, -0.243713709929792, 0.0727815013825344, -0.0133354120567981, 0.224504263201318, 1.88463403288902],
  "mcse_mean": [0.00421920621558049, 0.000413142799279641, 0.0018966812899801, 0.00147143061861988, 0.0016082555150904, 0.00192271448251446, 0.000696520994920439, 0.0010990884756144, 0.000594557747457168, 0.000389196900868067]
}
