{
  "names": ["beta[1]", "beta[2]", "beta[3]", "beta[4]", "beta[5]", "beta[6]", "beta[7]", "beta[8]", "beta[9]", "sigma"],
  "mean_value": [3.12678242863189, 0.621651834152721, -1.73145562612456, -0.309483582992504, -0.453798186491474, -0.399557740758144, 0.144078186161865, -0.0805447831005346, 0.0640671690966212, 1.8636776644728],
  "mcse_mean": [0.00454329496159875, 0.000411442140569696, 0.00175310633664468, 0.00158573039989994, 0.00170326921864872, 0.00197592720915211, 0.000676339154762696, 0.00114628911424312, 0.000594723944616887, 0.000391385696535316]
}
