{
  "names": ["beta[1]", "beta[2]", "beta[3]", "beta[4]", "beta[5]", "beta[6]", "beta[7]", "beta[8]", "beta[9]", "sigma"],
  "mean_value": [1.51709353483726, 0.707177169362898, -1.347282206642, -0.211536551841062, -0.504740741662134, -0.411899983179551, 0.280354842654779, -0.0680690662571216, 0.132859328210697, 1.79036157815594],
  "mcse_mean": [0.00367784351149105, 0.00034214726986208, 0.00159351046310745, 0.00145295185792565, 0.00157108967504203, 0.00167626355831028, 0.000585524371712539, 0.000989461684766469, 0.000517910870168487, 0.000344876022404479]
}
