{
  "names": ["beta[1]", "beta[2]", "beta[3]", "beta[4]", "beta[5]", "sigma"],
  "mean_value": [0.999647386264381, 0.99873177349098, 0.998198942727135, 0.998843664075728, 0.998593084548124, 1.04229066997578],
  "mcse_mean": [1.00443824403632e-05, 9.8772420929638e-06, 1.09284477808804e-05, 1.04445345187259e-05, 9.91166926695954e-06, 0.000772715176123169]
}
